FIRE_SIZE_CLASS,FIRE_SIZE
A,2594.199999999744
B,195161.40999999736
C,708211.3299999996
D,577602.47
E,853976.59998
F,1577840.7000000002
G,5870831.600000001
