FIRE_SIZE_CLASS,FIRE_SIZE
A,11015.602000015217
B,124064.78000001838
C,289694.93000000005
D,345499.00999999995
E,620129.27
F,1620972.7499999998
G,9734482.23
