STAT_CAUSE_DESCR,FIRE_SIZE
Arson,1396071.8100003146
Campfire,972110.0299999379
Children,121204.23000001165
Debris Burning,397575.2809999281
Equipment Use,1561226.7100006705
Fireworks,6820.30000000002
Lightning,4216264.600001115
Miscellaneous,2812105.151001345
Missing/Undefined,795722.1999999477
Powerline,201519.8300000023
Railroad,73255.1800000008
Smoking,115234.75000001115
Structure,76748.50000000001
